istituto,tasso_affollamento,posti_regolamentari,posti_non_disponibili,posti_disponibili,totale_detenuti,dati_aggiornati_al,polizia_penitenziaria_previsti,polizia_penitenziaria_effettivi,personale_polizia_penitenziaria_aggiornato_al,amministrativi_effettivi,amministrativi_previsti,personale_amministrativo_aggiornato_al,numero_complessivo_stanze,numero_non_disponibili_stanze,doccia,bidet,portatori_handicap,servizi_igienici_con_porta,accensione_luce_autonoma,prese_elettriche,data_aggiornamento_spazi_detentivi,stanze_disponibili,detenuti_stanza,polizia_pers,doccia_pers,bidet_pers,servizi_pers,luci_pers,prese_pers,suicidi_2002,suicidi_2003,suicidi_2004,suicidi_2005,suicidi_2006,suicidi_2007,suicidi_2008,suicidi_2009,suicidi_2010,suicidi_2011,suicidi_2012,suicidi_2013,suicidi_2014,suicidi_2015,suicidi_2016,suicidi_2017,suicidi_2018,suicidi_2019,suicidi_2020,suicidi_2021,suicidi_2022,suicidi_2023,suicidi_2024,suicidi_totali,personale_previsti,personale_effettivi,personale_mancante_perc
Genova Marassi,129.9625468164794,535,1,534,694,2025-04-08,336,339,2025-02-28,30,36,2025-02-28,213.0,1.0,128.0,175.0,3.0,213.0,100.0,0.0,2025-04-08,212.0,3.2735849056603774,0.4884726224783862,5.421875,3.9657142857142857,3.26,6.94,0.0,0,0,0,0,0,0,0,0,0,2,1,0,0,0,0,0,0,0,0,0,0,0,0,3,372,369,0.8064516129032258
Alba,100.0,138,89,49,49,2025-04-08,107,86,2025-02-28,9,14,2025-02-28,112.0,86.0,22.0,112.0,1.0,112.0,22.0,22.0,2025-04-08,26.0,1.8846153846153846,1.7551020408163265,2.227272727272727,0.4375,0.44,2.227272727272727,0.4489795918367347,0,0,0,0,0,0,0,0,0,0,1,0,0,1,0,0,0,0,0,0,0,0,0,2,121,95,21.487603305785125
Milano San Vittore,217.59834368530022,702,219,483,1051,2025-04-08,655,562,2025-02-28,35,45,2025-02-28,492.0,167.0,272.0,184.0,0.0,327.0,325.0,325.0,2025-04-08,325.0,3.233846153846154,0.5347288296860133,3.863970588235294,5.711956521739131,3.21,3.233846153846154,0.30922930542340626,0,0,0,0,0,0,0,0,0,0,0,0,0,0,0,0,0,0,1,0,0,0,0,1,700,597,14.714285714285714
Belluno,145.0,89,9,80,116,2025-04-08,85,77,2025-02-28,9,14,2025-02-28,50.0,8.0,20.0,20.0,0.0,50.0,40.0,40.0,2025-04-08,42.0,2.761904761904762,0.6637931034482759,5.8,5.8,2.32,2.9,0.3448275862068966,0,0,1,1,1,0,0,0,1,0,1,0,0,0,1,0,0,0,0,0,0,0,0,6,99,86,13.131313131313133
Agrigento,138.6100386100386,283,24,259,359,2025-04-08,197,215,2025-02-28,22,23,2025-02-28,247.0,23.0,192.0,42.0,0.0,247.0,228.0,0.0,2025-04-08,224.0,1.6026785714285714,0.5988857938718662,1.8697916666666667,8.547619047619047,1.45,1.5745614035087718,0.0,0,1,0,0,1,0,0,0,0,1,0,0,0,0,0,0,0,0,1,0,0,0,1,5,220,237,-7.727272727272727
"Alessandria Cantiello, Gaeta",105.15021459227466,233,0,233,245,2025-04-08,127,126,2025-02-28,13,34,2025-02-28,75.0,0.0,5.0,74.0,0.0,75.0,75.0,0.0,2025-04-08,75.0,3.2666666666666666,0.5142857142857142,49.0,3.310810810810811,3.27,3.2666666666666666,0.0,0,0,0,0,0,0,0,2,0,0,0,0,0,0,1,1,0,0,0,0,0,0,0,4,161,139,13.664596273291925
Alessandria San Michele,141.3793103448276,265,4,261,369,2025-04-08,210,179,2025-02-28,15,0,2025-02-28,241.0,4.0,7.0,63.0,0.0,241.0,241.0,241.0,2025-04-08,237.0,1.5569620253164558,0.48509485094850946,52.714285714285715,5.857142857142857,1.53,1.5311203319502074,0.6531165311653117,0,0,0,0,0,0,0,2,0,0,0,0,0,0,1,1,0,0,0,0,0,0,0,4,210,194,7.6190476190476195
Alghero,55.12820512820513,156,0,156,86,2025-04-08,79,72,2025-02-28,13,16,2025-02-28,62.0,0.0,62.0,0.0,0.0,62.0,62.0,62.0,2025-04-08,62.0,1.3870967741935485,0.8372093023255814,1.3870967741935485,inf,1.39,1.3870967741935485,0.7209302325581395,0,0,0,0,0,0,0,1,0,0,0,1,0,0,0,0,0,0,0,0,0,0,0,2,95,85,10.526315789473683
Ancona Montacuto,132.8125,256,0,256,340,2025-04-08,175,142,2025-02-28,19,31,2025-02-28,111.0,0.0,102.0,98.0,3.0,111.0,101.0,101.0,2025-04-08,111.0,3.063063063063063,0.4176470588235294,3.3333333333333335,3.4693877551020407,3.06,3.366336633663366,0.29705882352941176,1,1,0,1,0,0,0,0,0,0,0,1,1,1,0,0,0,0,0,0,0,0,0,6,206,161,21.844660194174757
Ancona Barcaglione,84.0,100,0,100,84,2025-04-08,60,58,2025-02-28,8,0,2025-02-28,98.0,0.0,24.0,0.0,0.0,98.0,98.0,98.0,2025-04-08,98.0,0.8571428571428571,0.6904761904761905,3.5,inf,0.86,0.8571428571428571,1.1666666666666667,1,1,0,1,0,0,0,0,0,0,0,1,1,1,0,0,0,0,0,0,0,0,0,6,60,66,-10.0
Arbus,72.22222222222221,176,50,126,91,2025-04-08,81,71,2025-02-28,13,20,2025-02-28,40.0,10.0,40.0,0.0,0.0,40.0,40.0,40.0,2025-04-08,30.0,3.033333333333333,0.7802197802197802,2.275,inf,2.28,2.275,0.43956043956043955,0,1,2,0,1,0,0,0,0,1,1,0,0,0,0,0,1,0,1,0,1,1,0,10,101,84,16.831683168316832
Arezzo,156.52173913043478,108,85,23,36,2025-04-08,38,34,2025-02-28,12,15,2025-02-28,57.0,38.0,9.0,3.0,1.0,56.0,57.0,54.0,2025-04-08,19.0,1.894736842105263,0.9444444444444444,4.0,12.0,0.64,0.631578947368421,1.5,0,0,0,0,0,0,0,0,0,0,0,0,0,0,0,0,1,0,0,0,0,0,0,1,53,46,13.20754716981132
Ariano Irpino,143.25581395348837,263,48,215,308,2025-04-08,165,155,2025-02-28,12,21,2025-02-28,133.0,25.0,121.0,64.0,4.0,133.0,81.0,125.0,2025-04-08,108.0,2.8518518518518516,0.5032467532467533,2.5454545454545454,4.8125,2.32,3.802469135802469,0.40584415584415584,0,0,0,0,0,0,0,0,0,0,0,0,0,0,0,0,0,0,0,0,0,0,2,2,186,167,10.21505376344086
Arienzo,151.72413793103448,58,0,58,88,2025-04-08,43,48,2025-02-28,14,13,2025-02-28,53.0,0.0,53.0,53.0,0.0,53.0,53.0,53.0,2025-04-08,53.0,1.6603773584905661,0.5454545454545454,1.6603773584905661,1.6603773584905661,1.66,1.6603773584905661,0.6022727272727273,0,0,0,0,0,0,0,0,0,0,0,0,0,0,0,0,0,0,0,0,1,0,0,1,56,62,-10.714285714285714
Ascoli Piceno,142.71844660194176,103,0,103,147,2025-04-08,152,143,2025-02-28,16,16,2025-02-28,65.0,0.0,19.0,59.0,0.0,63.0,4.0,13.0,2025-04-08,65.0,2.2615384615384615,0.9727891156462585,7.7368421052631575,2.4915254237288136,2.33,36.75,0.08843537414965986,0,0,0,0,0,0,0,1,0,0,0,0,0,0,0,0,0,0,0,0,1,0,0,2,168,159,5.357142857142857
Asti,128.643216080402,205,6,199,256,2025-04-08,167,158,2025-02-28,14,22,2025-02-28,190.0,6.0,0.0,190.0,0.0,190.0,179.0,190.0,2025-04-08,184.0,1.391304347826087,0.6171875,inf,1.3473684210526315,1.35,1.4301675977653632,0.7421875,0,0,1,0,0,1,0,0,0,0,0,0,0,0,0,0,0,0,1,0,0,0,0,3,189,172,8.994708994708994
Augusta,168.9149560117302,364,23,341,576,2025-04-08,224,179,2025-02-28,24,29,2025-02-28,339.0,23.0,75.0,0.0,3.0,339.0,25.0,339.0,2025-04-08,316.0,1.8227848101265822,0.3107638888888889,7.68,inf,1.7,23.04,0.5885416666666666,0,0,1,0,0,0,0,0,0,0,1,0,0,0,0,0,0,1,0,1,0,0,0,4,253,203,19.76284584980237
Benevento,151.58730158730157,259,7,252,382,2025-04-08,217,224,2025-02-28,29,23,2025-02-28,230.0,5.0,230.0,0.0,0.0,230.0,1.0,230.0,2025-04-08,225.0,1.6977777777777778,0.5863874345549738,1.6608695652173913,inf,1.66,382.0,0.6020942408376964,0,0,0,2,0,0,0,0,1,0,0,1,0,0,0,1,0,1,2,2,0,0,1,11,240,253,-5.416666666666667
Rieti,169.89619377162632,295,6,289,491,2025-04-08,175,139,2025-02-28,21,23,2025-02-28,157.0,3.0,157.0,157.0,0.0,157.0,157.0,157.0,2025-04-08,154.0,3.188311688311688,0.2830957230142566,3.127388535031847,3.127388535031847,3.13,3.127388535031847,0.319755600814664,0,0,0,0,0,0,0,0,0,0,0,0,0,0,0,0,0,0,0,0,0,0,1,1,198,160,19.19191919191919
Avellino,123.32613390928726,500,37,463,571,2025-04-08,263,315,2025-02-28,31,35,2025-02-28,211.0,19.0,187.0,61.0,3.0,210.0,82.0,84.0,2025-04-08,192.0,2.9739583333333335,0.5516637478108581,3.053475935828877,9.360655737704919,2.72,6.963414634146342,0.14711033274956217,0,0,0,0,0,0,0,1,0,1,1,0,0,0,0,1,1,0,0,2,1,0,0,8,298,346,-16.10738255033557
Aversa,117.94871794871796,254,20,234,276,2025-04-08,105,114,2025-02-28,26,25,2025-02-28,90.0,6.0,82.0,65.0,3.0,90.0,41.0,28.0,2025-04-08,84.0,3.2857142857142856,0.41304347826086957,3.3658536585365852,4.246153846153846,3.07,6.7317073170731705,0.10144927536231885,0,0,0,0,0,0,0,0,0,0,0,0,0,0,0,0,0,1,1,0,0,0,0,2,130,140,-7.6923076923076925
Civitavecchia Nuovo Complesso,177.491961414791,357,46,311,552,2025-04-08,261,245,2025-02-28,24,35,2025-02-28,334.0,46.0,41.0,154.0,0.0,334.0,333.0,334.0,2025-04-08,288.0,1.9166666666666667,0.4438405797101449,13.463414634146341,3.5844155844155843,1.65,1.6576576576576576,0.605072463768116,0,0,1,2,1,0,0,1,0,1,0,0,1,0,0,0,3,0,0,0,0,0,0,10,296,269,9.121621621621621
Barcellona Pozzo di Gotto,74.55197132616487,387,108,279,208,2025-04-08,169,145,2025-02-28,26,26,2025-02-28,128.0,45.0,84.0,72.0,5.0,98.0,78.0,128.0,2025-04-08,83.0,2.5060240963855422,0.6971153846153846,2.4761904761904763,2.888888888888889,2.12,2.6666666666666665,0.6153846153846154,0,0,0,0,0,0,0,0,0,0,0,0,0,0,0,1,2,1,0,0,1,0,0,6,195,171,12.307692307692308
Altamura,166.66666666666669,52,4,48,80,2025-04-08,0,41,2025-02-28,6,6,2025-02-28,51.0,4.0,1.0,51.0,0.0,51.0,0.0,51.0,2025-04-08,47.0,1.702127659574468,0.5125,80.0,1.5686274509803921,1.57,inf,0.6375,0,0,0,0,0,0,0,0,1,0,0,0,0,0,0,0,0,0,0,0,0,0,0,1,6,47,-683.3333333333333
Busto Arsizio,184.27947598253274,240,11,229,422,2025-04-08,190,181,2025-02-28,14,20,2025-02-28,177.0,10.0,154.0,170.0,0.0,177.0,177.0,176.0,2025-04-08,167.0,2.5269461077844313,0.42890995260663506,2.74025974025974,2.4823529411764707,2.38,2.384180790960452,0.41706161137440756,0,1,2,0,1,0,0,0,0,1,1,0,0,0,0,0,1,0,1,0,1,1,0,10,210,195,7.142857142857142
Biella,127.04081632653062,392,0,392,498,2025-04-08,210,185,2025-02-28,14,27,2025-02-28,257.0,0.0,69.0,194.0,4.0,257.0,257.0,69.0,2025-04-08,257.0,1.9377431906614786,0.3714859437751004,7.217391304347826,2.5670103092783507,1.94,1.9377431906614786,0.13855421686746988,0,1,0,0,2,0,0,0,0,0,1,0,1,0,0,0,0,0,0,0,0,1,2,8,237,199,16.033755274261605
Bollate,109.08372827804106,1267,1,1266,1381,2025-04-08,502,430,2025-02-28,38,55,2025-02-28,707.0,1.0,185.0,707.0,8.0,707.0,707.0,705.0,2025-04-08,706.0,1.9560906515580736,0.3113685734974656,7.464864864864865,1.9533239038189534,1.95,1.9533239038189534,0.5104996379435192,0,0,0,1,2,0,0,0,0,0,0,0,0,0,0,0,0,0,0,0,0,0,0,3,557,468,15.978456014362658
Bologna,179.8165137614679,457,21,436,784,2025-04-08,462,436,2025-02-28,26,35,2025-02-28,397.0,7.0,132.0,59.0,2.0,397.0,90.0,16.0,2025-04-08,390.0,2.01025641025641,0.5561224489795918,5.9393939393939394,13.288135593220339,1.97,8.71111111111111,0.02040816326530612,1,1,2,0,0,0,0,0,1,2,1,0,0,0,1,2,0,3,1,0,1,0,2,18,497,462,7.042253521126761
Bolzano,132.95454545454547,88,0,88,117,2025-04-08,77,64,2025-02-28,5,20,2025-02-28,31.0,0.0,1.0,0.0,0.0,19.0,5.0,30.0,2025-04-08,31.0,3.774193548387097,0.5470085470085471,117.0,inf,6.16,23.4,0.2564102564102564,0,0,0,1,0,0,0,1,0,0,0,0,0,0,0,0,0,0,0,0,1,0,0,3,97,69,28.865979381443296
Brescia Canton Monbello,201.64835164835165,182,0,182,367,2025-04-08,197,200,2025-02-28,21,30,2025-02-28,100.0,0.0,91.0,0.0,0.0,100.0,100.0,0.0,2025-04-08,100.0,3.67,0.5449591280653951,4.032967032967033,inf,3.67,3.67,0.0,0,0,1,0,0,1,0,0,1,0,1,0,0,0,0,0,0,0,2,0,1,0,0,7,227,221,2.643171806167401
Brescia Verziano,151.42857142857142,71,1,70,106,2025-04-08,95,76,2025-02-28,0,0,2025-02-28,71.0,1.0,71.0,0.0,0.0,71.0,10.0,71.0,2025-04-08,70.0,1.5142857142857142,0.7169811320754716,1.4929577464788732,inf,1.49,10.6,0.6698113207547169,0,0,1,0,0,1,0,0,1,0,1,0,0,0,0,0,0,0,2,0,1,0,0,7,95,76,20.0
Brindisi,168.0672268907563,152,33,119,200,2025-04-08,141,122,2025-02-28,20,18,2025-02-28,72.0,11.0,62.0,26.0,2.0,72.0,72.0,72.0,2025-04-08,61.0,3.278688524590164,0.61,3.225806451612903,7.6923076923076925,2.78,2.7777777777777777,0.36,0,0,0,0,0,0,0,1,1,0,0,0,0,0,0,0,1,0,0,0,1,0,0,4,159,142,10.69182389937107
Brissogne - Aosta,74.56647398843931,181,8,173,129,2025-04-07,138,119,2025-02-28,7,15,2025-02-28,167.0,8.0,48.0,23.0,0.0,167.0,161.0,167.0,2025-04-07,159.0,0.8113207547169812,0.9224806201550387,2.6875,5.608695652173913,0.77,0.8012422360248447,1.2945736434108528,0,1,1,2,0,1,0,0,3,1,2,0,3,0,1,0,0,1,1,0,1,0,0,18,153,126,17.647058823529413
Bergamo,180.81761006289307,319,1,318,575,2025-04-08,221,202,2025-02-28,15,23,2025-02-28,192.0,1.0,113.0,53.0,2.0,192.0,192.0,192.0,2025-04-08,191.0,3.0104712041884816,0.35130434782608694,5.088495575221239,10.849056603773585,2.99,2.9947916666666665,0.3339130434782609,0,1,1,3,0,1,0,1,0,0,0,1,0,0,0,0,0,0,0,1,0,1,0,10,244,217,11.065573770491802
Cagliari Uta,125.84670231729056,561,0,561,706,2025-04-08,394,322,2025-02-28,31,41,2025-02-28,282.0,0.0,278.0,22.0,26.0,282.0,282.0,282.0,2025-04-08,282.0,2.50354609929078,0.45609065155807366,2.539568345323741,32.09090909090909,2.5,2.50354609929078,0.39943342776203966,2,4,0,1,0,3,0,0,1,2,0,0,1,1,2,2,2,4,1,2,0,2,3,35,435,353,18.850574712643677
Caltagirone,112.46684350132625,541,164,377,424,2025-04-08,197,180,2025-02-28,18,24,2025-02-28,215.0,70.0,186.0,70.0,0.0,215.0,215.0,195.0,2025-04-08,145.0,2.924137931034483,0.42452830188679247,2.2795698924731185,6.057142857142857,1.97,1.972093023255814,0.45990566037735847,0,0,0,0,0,0,0,0,0,1,0,0,0,0,0,0,0,0,1,0,1,0,0,3,221,198,10.407239819004525
Caltanissetta,132.78688524590163,183,0,183,243,2025-04-08,120,146,2025-02-28,19,20,2025-02-28,111.0,0.0,108.0,103.0,2.0,111.0,110.0,108.0,2025-04-08,111.0,2.189189189189189,0.6008230452674898,2.25,2.3592233009708736,2.19,2.209090909090909,0.4444444444444444,0,1,0,0,0,0,0,0,1,0,0,2,0,0,0,1,0,0,0,0,0,1,1,7,140,165,-17.857142857142858
Campobasso,173.95833333333331,107,11,96,167,2025-04-08,105,93,2025-02-28,9,14,2025-02-28,74.0,8.0,45.0,61.0,1.0,74.0,74.0,74.0,2025-04-08,66.0,2.5303030303030303,0.5568862275449101,3.7111111111111112,2.737704918032787,2.26,2.2567567567567566,0.4431137724550898,0,0,0,0,1,0,1,0,1,1,0,0,0,0,1,0,0,0,0,0,0,0,0,5,119,102,14.285714285714285
Carinola,85.2059925093633,562,28,534,455,2025-04-08,179,167,2025-02-28,27,29,2025-02-28,280.0,26.0,140.0,139.0,6.0,164.0,279.0,137.0,2025-04-08,254.0,1.7913385826771653,0.367032967032967,3.25,3.273381294964029,2.77,1.6308243727598566,0.3010989010989011,0,0,0,0,0,0,0,0,1,0,2,0,0,1,0,0,1,0,0,0,0,0,1,6,208,194,6.730769230769231
Cassino,170.86614173228347,200,73,127,217,2025-04-08,142,105,2025-02-28,19,18,2025-02-28,118.0,70.0,22.0,108.0,0.0,118.0,118.0,118.0,2025-04-08,48.0,4.520833333333333,0.4838709677419355,9.863636363636363,2.009259259259259,1.84,1.8389830508474576,0.543778801843318,0,1,0,0,0,0,0,0,0,0,0,0,0,0,0,0,0,0,0,0,0,0,0,1,160,124,22.5
Castelfranco Emilia,56.375838926174495,191,42,149,84,2025-04-08,62,66,2025-02-28,14,16,2025-02-28,57.0,12.0,45.0,34.0,2.0,57.0,57.0,45.0,2025-04-08,45.0,1.8666666666666667,0.7857142857142857,1.8666666666666667,2.4705882352941178,1.47,1.4736842105263157,0.5357142857142857,0,0,0,0,0,0,0,0,0,0,0,1,0,0,0,0,0,0,0,0,0,0,0,1,78,80,-2.564102564102564
Castelvetrano,150.0,44,0,44,66,2025-04-08,50,56,2025-02-28,11,12,2025-02-28,40.0,0.0,25.0,0.0,0.0,40.0,2.0,2.0,2025-04-08,40.0,1.65,0.8484848484848485,2.64,inf,1.65,33.0,0.030303030303030304,0,0,0,0,0,0,0,0,0,0,0,1,0,0,0,0,0,0,0,0,0,0,0,1,62,67,-8.064516129032258
Castrovillari,145.08196721311475,122,0,122,177,2025-04-08,113,102,2025-02-28,13,15,2025-02-28,120.0,0.0,2.0,20.0,0.0,120.0,120.0,1.0,2025-04-08,120.0,1.475,0.576271186440678,88.5,8.85,1.48,1.475,0.005649717514124294,1,2,0,0,0,0,0,2,0,2,0,0,0,0,0,0,0,0,1,0,1,0,0,9,128,115,10.15625
Catania Bicocca,140.76923076923077,136,6,130,183,2025-04-08,160,186,2025-02-28,18,19,2025-02-28,127.0,6.0,123.0,0.0,0.0,127.0,0.0,0.0,2025-04-08,121.0,1.512396694214876,1.0163934426229508,1.4878048780487805,inf,1.44,inf,0.0,0,0,0,0,1,1,1,0,0,0,0,0,0,0,0,0,0,0,0,0,0,0,0,3,179,204,-13.966480446927374
Catania Piazza Lanza,159.49820788530468,279,0,279,445,2025-04-08,268,257,2025-02-28,24,25,2025-02-28,106.0,0.0,94.0,35.0,2.0,106.0,51.0,106.0,2025-04-08,106.0,4.19811320754717,0.5775280898876405,4.73404255319149,12.714285714285714,4.2,8.72549019607843,0.23820224719101124,0,0,0,0,1,1,1,0,0,0,0,0,0,0,0,0,0,0,0,0,0,0,0,3,293,281,4.09556313993174
Catanzaro,102.22929936305734,682,54,628,642,2025-04-08,415,386,2025-02-28,31,38,2025-02-28,392.0,28.0,208.0,23.0,22.0,391.0,208.0,392.0,2025-04-08,364.0,1.7637362637362637,0.6012461059190031,3.0865384615384617,27.91304347826087,1.64,3.0865384615384617,0.6105919003115264,0,0,0,0,0,0,0,0,0,1,2,2,0,0,0,0,0,0,0,0,0,0,0,5,453,417,7.9470198675496695
Crotone,111.8279569892473,99,6,93,104,2025-04-08,75,72,2025-02-28,10,18,2025-02-28,33.0,2.0,33.0,0.0,2.0,33.0,33.0,33.0,2025-04-08,31.0,3.3548387096774195,0.6923076923076923,3.1515151515151514,inf,3.15,3.1515151515151514,0.3173076923076923,0,0,0,0,0,0,0,1,0,0,0,1,0,0,0,0,0,0,0,0,1,0,0,3,93,82,11.827956989247312
Cosenza,118.63636363636363,220,0,220,261,2025-04-08,154,146,2025-02-28,19,20,2025-02-28,93.0,0.0,92.0,84.0,2.0,93.0,93.0,93.0,2025-04-08,93.0,2.806451612903226,0.5593869731800766,2.8369565217391304,3.107142857142857,2.81,2.806451612903226,0.3563218390804598,0,0,0,0,1,1,1,0,0,0,0,0,0,0,0,0,0,0,1,0,0,0,0,4,174,165,5.172413793103448
Chiavari,123.07692307692308,52,0,52,64,2025-04-08,48,46,2025-02-28,8,13,2025-02-28,23.0,0.0,22.0,3.0,1.0,23.0,23.0,23.0,2025-04-08,23.0,2.782608695652174,0.71875,2.909090909090909,21.333333333333332,2.78,2.782608695652174,0.359375,0,0,0,0,0,0,0,0,0,0,0,0,0,0,0,0,0,0,0,0,0,1,0,1,61,54,11.475409836065573
Chieti,179.74683544303798,79,0,79,142,2025-04-08,80,86,2025-02-28,16,15,2025-02-28,33.0,0.0,33.0,7.0,1.0,33.0,32.0,4.0,2025-04-08,33.0,4.303030303030303,0.6056338028169014,4.303030303030303,20.285714285714285,4.3,4.4375,0.028169014084507043,0,0,0,0,0,0,0,0,0,0,0,0,0,0,0,0,1,0,0,0,0,0,0,1,95,102,-7.368421052631578
Civitavecchia Giuseppe Passerini,95.65217391304348,144,52,92,88,2025-04-08,53,43,2025-02-28,6,0,2025-02-28,60.0,16.0,40.0,50.0,0.0,60.0,60.0,60.0,2025-04-08,44.0,2.0,0.48863636363636365,2.2,1.76,1.47,1.4666666666666666,0.6818181818181818,0,0,1,2,1,0,0,1,0,1,0,0,1,0,0,0,3,0,0,0,0,0,0,10,53,49,7.547169811320755
Como,193.33333333333334,226,1,225,435,2025-04-08,216,195,2025-02-28,14,23,2025-02-28,200.0,1.0,55.0,177.0,0.0,200.0,4.0,4.0,2025-04-08,199.0,2.185929648241206,0.4482758620689655,7.909090909090909,2.457627118644068,2.17,108.75,0.009195402298850575,0,0,3,1,0,0,0,0,2,0,0,0,2,1,0,2,1,0,3,0,1,1,1,18,239,209,12.552301255230125
Cremona,141.66666666666669,394,10,384,544,2025-04-08,202,181,2025-02-28,16,23,2025-02-28,252.0,10.0,68.0,216.0,4.0,252.0,77.0,77.0,2025-04-08,242.0,2.2479338842975207,0.3327205882352941,8.0,2.5185185185185186,2.16,7.064935064935065,0.14154411764705882,0,0,0,1,0,0,0,0,0,0,1,1,0,0,0,1,1,1,1,0,0,0,1,9,225,197,12.444444444444445
Cuneo,104.50928381962865,433,56,377,394,2025-04-07,206,174,2025-02-28,14,22,2025-02-28,218.0,50.0,191.0,1.0,6.0,218.0,193.0,193.0,2025-04-07,168.0,2.3452380952380953,0.4416243654822335,2.06282722513089,394.0,1.81,2.0414507772020727,0.48984771573604063,0,0,0,0,0,0,0,0,0,0,0,0,0,1,1,0,0,1,0,1,0,0,1,6,228,188,17.543859649122805
Eboli,83.33333333333334,54,0,54,45,2025-04-08,24,28,2025-02-28,12,14,2025-02-28,9.0,0.0,9.0,9.0,0.0,9.0,0.0,0.0,2025-04-08,9.0,5.0,0.6222222222222222,5.0,5.0,5.0,inf,0.0,0,0,0,0,1,0,0,0,0,0,0,0,0,0,0,0,0,0,0,0,0,0,0,1,38,40,-5.263157894736842
Enna,128.84615384615387,167,11,156,201,2025-04-08,97,109,2025-02-28,16,18,2025-02-28,79.0,2.0,39.0,0.0,2.0,79.0,78.0,78.0,2025-04-08,77.0,2.6103896103896105,0.5422885572139303,5.153846153846154,inf,2.54,2.576923076923077,0.3880597014925373,0,0,0,0,0,0,1,0,0,0,0,0,0,0,0,0,0,1,0,0,0,0,0,2,115,125,-8.695652173913043
Favignana,111.23595505617978,89,0,89,99,2025-04-08,79,59,2025-02-28,12,14,2025-02-28,33.0,0.0,33.0,0.0,2.0,33.0,33.0,33.0,2025-04-08,33.0,3.0,0.5959595959595959,3.0,inf,3.0,3.0,0.3333333333333333,0,0,0,0,0,0,0,0,1,0,0,0,0,0,0,1,1,1,0,0,1,1,0,6,93,71,23.655913978494624
Fermo,139.53488372093022,43,0,43,60,2025-04-08,50,45,2025-02-28,12,15,2025-02-28,22.0,0.0,0.0,22.0,0.0,11.0,0.0,0.0,2025-04-08,22.0,2.727272727272727,0.75,inf,2.727272727272727,5.45,inf,0.0,0,0,0,0,0,0,0,0,1,0,0,0,0,0,0,0,0,1,1,0,0,0,0,3,65,57,12.307692307692308
Ferrara,160.24590163934425,244,0,244,391,2025-04-08,194,169,2025-02-28,14,19,2025-02-28,234.0,0.0,37.0,197.0,0.0,234.0,234.0,234.0,2025-04-08,234.0,1.670940170940171,0.4322250639386189,10.567567567567568,1.984771573604061,1.67,1.670940170940171,0.59846547314578,0,0,0,0,0,0,0,0,0,0,0,0,0,1,1,1,0,1,0,2,0,0,1,7,213,183,14.084507042253522
Firenze Sollicciano,147.23756906077347,497,135,362,533,2025-04-08,416,428,2025-02-28,28,34,2025-02-28,358.0,98.0,62.0,29.0,0.0,358.0,345.0,351.0,2025-04-08,260.0,2.05,0.8030018761726079,8.596774193548388,18.379310344827587,1.49,1.5449275362318842,0.6585365853658537,0,0,1,1,2,0,0,0,2,1,4,0,3,0,0,0,1,0,0,0,0,0,0,15,450,456,-1.3333333333333335
Firenze Mario Gozzini,131.1688311688312,91,14,77,101,2025-04-08,50,45,2025-02-28,12,16,2025-02-28,51.0,8.0,0.0,0.0,0.0,51.0,9.0,0.0,2025-04-08,43.0,2.3488372093023258,0.44554455445544555,inf,inf,1.98,11.222222222222221,0.0,0,0,1,1,2,0,0,0,2,1,4,0,3,0,0,0,1,0,0,0,0,0,0,15,66,57,13.636363636363635
Foggia,210.09771986970685,364,57,307,645,2025-04-08,244,239,2025-02-28,30,29,2025-02-28,213.0,28.0,71.0,13.0,1.0,198.0,7.0,211.0,2025-04-08,185.0,3.4864864864864864,0.3705426356589147,9.084507042253522,49.61538461538461,3.26,92.14285714285714,0.3271317829457364,2,0,0,1,0,2,0,1,2,0,2,0,0,0,0,0,0,0,0,2,5,0,1,19,273,269,1.465201465201465
Forlì,109.02255639097744,144,11,133,145,2025-04-08,120,102,2025-02-28,15,18,2025-02-28,123.0,7.0,0.0,44.0,0.0,123.0,113.0,123.0,2025-04-08,116.0,1.25,0.7034482758620689,inf,3.2954545454545454,1.18,1.2831858407079646,0.8482758620689655,0,0,1,1,0,0,0,0,0,0,0,0,0,0,0,0,0,0,0,0,1,0,0,3,138,117,15.217391304347828
Fossano,86.02941176470588,136,0,136,117,2025-04-08,72,64,2025-02-28,8,16,2025-02-28,48.0,0.0,38.0,3.0,1.0,48.0,13.0,10.0,2025-04-08,48.0,2.4375,0.5470085470085471,3.0789473684210527,39.0,2.44,9.0,0.08547008547008547,0,0,0,0,1,0,0,0,0,1,0,1,0,0,0,0,0,1,0,0,0,0,0,4,88,72,18.181818181818183
Fossombrone,86.13861386138613,182,81,101,87,2025-04-08,129,109,2025-02-28,14,19,2025-02-28,123.0,81.0,42.0,0.0,1.0,33.0,34.0,122.0,2025-04-08,42.0,2.0714285714285716,1.2528735632183907,2.0714285714285716,inf,2.64,2.5588235294117645,1.4022988505747127,0,0,0,0,0,0,0,1,0,0,0,0,0,0,0,0,0,0,0,1,0,0,0,2,148,123,16.89189189189189
Frosinone,123.49137931034481,517,53,464,573,2025-04-07,280,247,2025-02-28,27,30,2025-02-28,334.0,51.0,84.0,330.0,4.0,334.0,334.0,70.0,2025-04-07,283.0,2.0247349823321557,0.43106457242582896,6.821428571428571,1.7363636363636363,1.72,1.715568862275449,0.12216404886561955,0,0,3,0,1,0,0,1,0,0,0,0,0,0,0,0,0,0,0,2,1,1,1,11,310,274,11.612903225806452
Gela,175.0,48,0,48,84,2025-04-08,46,51,2025-02-28,9,11,2025-02-28,48.0,0.0,48.0,48.0,0.0,48.0,1.0,46.0,2025-04-08,48.0,1.75,0.6071428571428571,1.75,1.75,1.75,84.0,0.5476190476190477,0,0,0,0,0,0,0,0,0,0,0,0,0,1,0,0,0,0,0,0,0,0,0,1,57,60,-5.263157894736842
Genova Pontedecimo,170.58823529411765,96,11,85,145,2025-04-07,143,135,2025-02-28,13,16,2025-02-28,96.0,11.0,96.0,96.0,2.0,96.0,96.0,53.0,2025-04-07,85.0,1.7058823529411764,0.9310344827586207,1.5104166666666667,1.5104166666666667,1.51,1.5104166666666667,0.36551724137931035,0,0,0,0,0,0,0,0,0,2,1,0,0,0,0,0,0,0,0,0,0,0,0,3,159,148,6.918238993710692
Giarre,145.09803921568627,58,7,51,74,2025-04-08,40,40,2025-02-28,13,12,2025-02-28,58.0,7.0,58.0,0.0,0.0,58.0,0.0,0.0,2025-04-08,51.0,1.4509803921568627,0.5405405405405406,1.2758620689655173,inf,1.28,inf,0.0,0,0,0,0,0,0,0,0,1,0,0,0,0,0,0,0,0,0,0,0,0,0,0,1,52,53,-1.9230769230769231
Gorizia,133.33333333333331,63,0,63,84,2025-04-08,54,50,2025-02-28,6,12,2025-02-28,19.0,0.0,19.0,18.0,0.0,19.0,19.0,19.0,2025-04-08,19.0,4.421052631578948,0.5952380952380952,4.421052631578948,4.666666666666667,4.42,4.421052631578948,0.2261904761904762,0,0,1,0,0,0,0,0,0,0,0,0,0,0,0,0,0,0,0,0,0,0,0,1,66,56,15.151515151515152
Grosseto,166.66666666666669,15,0,15,25,2025-04-08,30,33,2025-02-28,10,12,2025-02-28,9.0,0.0,1.0,0.0,0.0,9.0,1.0,1.0,2025-04-08,9.0,2.7777777777777777,1.32,25.0,inf,2.78,25.0,0.04,0,0,0,0,0,0,0,0,0,0,0,0,0,0,1,0,0,0,0,0,0,0,0,1,42,43,-2.380952380952381
Imperia,129.41176470588235,53,2,51,66,2025-04-08,58,55,2025-02-28,11,13,2025-02-28,41.0,1.0,41.0,3.0,1.0,41.0,41.0,41.0,2025-04-08,40.0,1.65,0.8333333333333334,1.6097560975609757,22.0,1.61,1.6097560975609757,0.6212121212121212,0,0,0,0,1,0,0,1,0,0,0,0,0,0,0,0,0,0,0,0,0,0,2,4,71,66,7.042253521126761
Isernia,129.54545454545453,44,0,44,57,2025-04-07,36,40,2025-02-28,10,10,2025-02-28,24.0,0.0,4.0,24.0,0.0,24.0,24.0,24.0,2025-04-07,24.0,2.375,0.7017543859649122,14.25,2.375,2.38,2.375,0.42105263157894735,0,0,0,0,1,0,0,1,0,0,0,0,0,0,0,0,0,0,0,0,0,0,2,4,46,50,-8.695652173913043
Isili,78.50467289719626,130,23,107,84,2025-04-08,72,69,2025-02-28,15,20,2025-02-28,30.0,4.0,30.0,11.0,0.0,30.0,26.0,30.0,2025-04-08,26.0,3.230769230769231,0.8214285714285714,2.8,7.636363636363637,2.8,3.230769230769231,0.35714285714285715,0,0,0,0,0,0,0,0,0,0,0,0,0,0,0,0,0,0,0,1,0,0,0,1,92,84,8.695652173913043
Ivrea,143.31550802139037,195,8,187,268,2025-04-08,176,164,2025-02-28,13,20,2025-02-28,189.0,8.0,0.0,0.0,1.0,189.0,188.0,15.0,2025-04-08,181.0,1.4806629834254144,0.6119402985074627,inf,inf,1.42,1.425531914893617,0.055970149253731345,0,0,1,0,0,0,0,0,0,0,0,1,1,0,1,0,1,1,1,1,0,0,0,8,196,177,9.693877551020408
La Spezia,120.3883495145631,151,48,103,124,2025-04-08,133,118,2025-02-28,10,17,2025-02-28,92.0,48.0,92.0,6.0,0.0,92.0,92.0,92.0,2025-04-08,44.0,2.8181818181818183,0.9516129032258065,1.3478260869565217,20.666666666666668,1.35,1.3478260869565217,0.7419354838709677,0,0,0,0,0,0,0,0,1,0,0,1,0,0,0,0,2,1,0,0,0,1,1,7,150,128,14.666666666666666
Lanciano,119.28251121076232,223,0,223,266,2025-04-08,151,128,2025-02-28,15,18,2025-02-28,192.0,0.0,10.0,32.0,0.0,192.0,29.0,18.0,2025-04-08,192.0,1.3854166666666667,0.48120300751879697,26.6,8.3125,1.39,9.172413793103448,0.06766917293233082,0,0,1,0,0,0,0,0,0,1,0,0,0,0,0,0,0,0,0,0,1,0,0,3,169,143,15.384615384615385
Lanusei,115.15151515151516,33,0,33,38,2025-04-08,31,33,2025-02-28,5,9,2025-02-28,14.0,0.0,14.0,0.0,0.0,14.0,11.0,0.0,2025-04-08,14.0,2.7142857142857144,0.868421052631579,2.7142857142857144,inf,2.71,3.4545454545454546,0.0,0,0,0,0,0,0,0,0,1,0,0,1,0,0,0,0,2,1,0,0,0,1,1,7,40,38,5.0
L'Aquila,77.92792792792793,228,6,222,173,2025-04-08,157,138,2025-02-28,21,20,2025-02-28,216.0,2.0,12.0,43.0,0.0,216.0,12.0,6.0,2025-04-08,214.0,0.8084112149532711,0.7976878612716763,14.416666666666666,4.023255813953488,0.8,14.416666666666666,0.03468208092485549,0,0,0,0,0,1,1,0,1,0,0,0,0,0,0,0,0,0,0,0,0,0,0,3,177,159,10.16949152542373
Larino,138.5321100917431,119,10,109,151,2025-04-08,127,118,2025-02-28,13,16,2025-02-28,106.0,10.0,53.0,0.0,0.0,106.0,9.0,4.0,2025-04-08,96.0,1.5729166666666667,0.7814569536423841,2.849056603773585,inf,1.42,16.77777777777778,0.026490066225165563,0,0,0,0,0,0,1,0,0,0,0,0,0,0,0,0,0,0,0,0,0,0,0,1,143,131,8.391608391608392
Latina,177.92207792207793,77,0,77,137,2025-04-08,125,115,2025-02-28,15,17,2025-02-28,65.0,0.0,65.0,28.0,0.0,65.0,65.0,65.0,2025-04-08,65.0,2.1076923076923078,0.8394160583941606,2.1076923076923078,4.892857142857143,2.11,2.1076923076923078,0.4744525547445255,0,0,0,0,1,0,0,0,0,0,0,1,1,0,0,0,0,0,0,0,0,0,1,4,142,130,8.450704225352112
Laureana di Borrello,129.72972972972974,37,0,37,48,2025-04-08,37,32,2025-02-28,10,13,2025-02-28,37.0,0.0,37.0,37.0,0.0,37.0,37.0,37.0,2025-04-08,37.0,1.2972972972972974,0.6666666666666666,1.2972972972972974,1.2972972972972974,1.3,1.2972972972972974,0.7708333333333334,0,0,0,0,0,0,0,0,0,0,0,0,0,0,0,0,0,0,0,2,1,0,0,4,50,42,16.0
Lauro,0.0,50,0,50,0,2025-04-08,0,0,2025-02-28,5,0,2025-02-28,20.0,0.0,20.0,20.0,0.0,20.0,20.0,20.0,2025-04-08,20.0,0.0,0.0,0.0,0.0,0.0,0.0,inf,0,0,0,0,0,0,1,0,0,0,0,0,0,0,0,0,0,0,0,0,0,0,0,1,0,5,0.0
Lecce,169.87951807228916,798,51,747,1269,2025-04-08,572,588,2025-02-28,48,44,2025-02-28,654.0,51.0,81.0,654.0,8.0,654.0,654.0,653.0,2025-04-08,603.0,2.1044776119402986,0.46335697399527187,15.666666666666666,1.9403669724770642,1.94,1.9403669724770642,0.5145784081954294,1,0,2,1,1,0,3,1,2,1,1,1,1,1,1,0,2,2,1,0,2,0,1,25,616,636,-3.2467532467532463
Lecco,152.83018867924528,53,0,53,81,2025-04-08,38,42,2025-02-28,6,14,2025-02-28,40.0,0.0,40.0,0.0,0.0,40.0,40.0,40.0,2025-04-08,40.0,2.025,0.5185185185185185,2.025,inf,2.02,2.025,0.49382716049382713,1,0,2,1,1,0,3,1,2,1,1,1,1,1,1,0,2,2,1,0,2,0,1,25,52,48,7.6923076923076925
Livorno,149.72067039106145,391,212,179,268,2025-04-08,268,255,2025-02-28,22,35,2025-02-28,296.0,180.0,78.0,83.0,4.0,230.0,230.0,43.0,2025-04-08,116.0,2.310344827586207,0.9514925373134329,3.4358974358974357,3.2289156626506026,1.17,1.1652173913043478,0.16044776119402984,0,1,4,0,0,1,0,2,1,1,0,1,0,0,0,0,1,0,0,0,0,0,1,13,303,277,8.58085808580858
Livorno Gorgona,98.87640449438202,89,0,89,88,2025-04-08,0,0,2025-02-28,6,0,2025-02-28,55.0,0.0,55.0,0.0,0.0,55.0,55.0,55.0,2025-04-08,55.0,1.6,0.0,1.6,inf,1.6,1.6,0.625,0,0,0,0,0,0,0,0,0,0,0,0,0,0,0,0,0,0,0,0,0,0,1,1,0,6,0.0
Locri,147.67441860465115,86,0,86,127,2025-04-08,73,73,2025-02-28,12,15,2025-02-28,40.0,0.0,40.0,0.0,0.0,40.0,40.0,40.0,2025-04-08,40.0,3.175,0.5748031496062992,3.175,inf,3.18,3.175,0.31496062992125984,0,0,1,0,1,0,0,0,0,0,0,0,0,0,0,0,1,0,0,0,0,0,0,3,88,85,3.4090909090909087
Onanì,67.5,292,92,200,135,2025-04-08,119,96,2025-02-28,15,24,2025-02-28,64.0,15.0,57.0,2.0,0.0,64.0,57.0,57.0,2025-04-08,49.0,2.7551020408163267,0.7111111111111111,2.3684210526315788,67.5,2.11,2.3684210526315788,0.4222222222222222,1,0,0,0,0,0,0,0,0,1,1,0,0,1,2,4,0,1,1,2,3,0,1,18,143,111,22.377622377622377
Lodi,186.36363636363635,45,1,44,82,2025-04-08,44,48,2025-02-28,11,13,2025-02-28,30.0,1.0,27.0,0.0,0.0,29.0,30.0,7.0,2025-04-08,29.0,2.8275862068965516,0.5853658536585366,3.037037037037037,inf,2.83,2.7333333333333334,0.08536585365853659,0,0,1,0,1,0,0,0,0,0,0,0,0,0,0,0,1,0,0,0,0,0,0,3,57,59,-3.508771929824561
Lucca,200.0,63,25,38,76,2025-04-08,91,71,2025-02-28,13,14,2025-02-28,59.0,21.0,5.0,7.0,4.0,59.0,59.0,8.0,2025-04-08,38.0,2.0,0.9342105263157895,15.2,10.857142857142858,1.29,1.2881355932203389,0.10526315789473684,0,0,0,0,0,1,0,0,0,0,0,0,0,0,2,0,0,0,0,0,0,0,0,3,105,84,20.0
Lucera,123.7037037037037,135,0,135,167,2025-04-08,91,77,2025-02-28,14,17,2025-02-28,81.0,0.0,0.0,0.0,0.0,38.0,1.0,0.0,2025-04-08,81.0,2.0617283950617282,0.46107784431137727,inf,inf,4.39,167.0,0.0,0,0,0,0,0,0,0,0,0,0,0,0,1,0,0,0,1,0,0,0,0,1,0,3,108,91,15.74074074074074
Mantova,137.11340206185568,97,0,97,133,2025-04-08,72,75,2025-02-28,11,18,2025-02-28,56.0,0.0,5.0,4.0,0.0,56.0,4.0,56.0,2025-04-08,56.0,2.375,0.5639097744360902,26.6,33.25,2.38,33.25,0.42105263157894735,0,0,0,0,0,0,0,0,0,0,0,0,0,0,0,0,1,0,0,0,0,0,0,2,90,86,4.444444444444445
Massa,152.35294117647058,174,4,170,259,2025-04-08,130,116,2025-02-28,15,24,2025-02-28,109.0,2.0,108.0,98.0,8.0,109.0,109.0,109.0,2025-04-08,107.0,2.4205607476635516,0.44787644787644787,2.3981481481481484,2.642857142857143,2.38,2.376146788990826,0.42084942084942084,0,0,0,0,1,0,1,0,1,1,0,0,0,0,1,0,0,0,0,0,0,0,0,5,154,131,14.935064935064934
Massa Marittima,85.41666666666666,48,0,48,41,2025-04-08,36,31,2025-02-28,9,14,2025-02-28,24.0,0.0,24.0,24.0,0.0,24.0,24.0,24.0,2025-04-08,24.0,1.7083333333333333,0.7560975609756098,1.7083333333333333,1.7083333333333333,1.71,1.7083333333333333,0.5853658536585366,0,0,0,0,1,0,0,0,0,0,0,0,0,0,0,0,0,0,0,0,0,0,0,1,50,40,20.0
Matera,140.79999999999998,132,7,125,176,2025-04-08,125,89,2025-02-28,16,15,2025-02-28,49.0,3.0,49.0,49.0,0.0,49.0,49.0,49.0,2025-04-08,46.0,3.8260869565217392,0.5056818181818182,3.5918367346938775,3.5918367346938775,3.59,3.5918367346938775,0.2784090909090909,0,0,0,0,0,0,0,0,0,0,0,0,0,0,0,0,0,1,1,0,0,0,0,2,140,105,25.0
Melfi,122.22222222222223,126,54,72,88,2025-04-08,151,132,2025-02-28,9,16,2025-02-28,122.0,54.0,14.0,109.0,0.0,122.0,122.0,1.0,2025-04-08,68.0,1.2941176470588236,1.5,6.285714285714286,0.8073394495412844,0.72,0.7213114754098361,0.011363636363636364,0,0,0,0,0,0,0,0,0,0,0,0,0,0,0,0,0,1,0,0,0,0,0,2,167,141,15.568862275449103
Messina,101.38888888888889,302,86,216,219,2025-04-08,185,224,2025-02-28,24,23,2025-02-28,134.0,50.0,134.0,75.0,21.0,134.0,134.0,134.0,2025-04-08,84.0,2.607142857142857,1.0228310502283104,1.6343283582089552,2.92,1.63,1.6343283582089552,0.6118721461187214,0,0,2,1,0,1,0,0,0,0,0,0,0,0,0,0,1,0,0,0,1,1,0,7,208,248,-19.230769230769234
Milano San Vittore femminile,193.47826086956522,46,0,46,89,2025-04-08,0,0,2025-02-28,0,0,2025-02-28,40.0,0.0,3.0,2.0,0.0,40.0,40.0,40.0,2025-04-08,40.0,2.225,0.0,29.666666666666668,44.5,2.22,2.225,0.449438202247191,0,0,0,0,0,0,0,0,0,0,0,0,0,0,0,0,0,0,1,0,0,0,0,1,0,0,0.0
Modena,152.30352303523037,372,3,369,562,2025-04-08,222,224,2025-02-28,20,27,2025-02-28,264.0,1.0,204.0,15.0,3.0,264.0,264.0,66.0,2025-04-08,263.0,2.1368821292775664,0.398576512455516,2.7549019607843137,37.46666666666667,2.13,2.128787878787879,0.11743772241992882,1,0,0,1,1,2,0,0,0,0,1,0,0,0,0,0,0,0,0,0,0,1,1,10,249,244,2.0080321285140563
Monza,176.88564476885645,411,0,411,727,2025-04-08,296,286,2025-02-28,19,29,2025-02-28,317.0,0.0,32.0,273.0,1.0,317.0,317.0,67.0,2025-04-08,317.0,2.2933753943217665,0.39339752407152684,22.71875,2.663003663003663,2.29,2.2933753943217665,0.0921595598349381,1,0,0,0,0,0,0,0,0,1,1,0,0,1,2,4,0,1,1,2,3,0,1,18,325,305,6.153846153846154
Napoli Poggioreale,155.37555228276878,1624,266,1358,2110,2025-04-08,828,680,2025-02-28,63,63,2025-02-28,598.0,113.0,348.0,142.0,12.0,536.0,536.0,529.0,2025-04-08,485.0,4.350515463917525,0.3222748815165877,6.063218390804598,14.859154929577464,3.94,3.9365671641791047,0.25071090047393363,0,0,0,0,0,0,0,0,0,0,1,0,0,0,0,0,3,0,0,0,0,0,0,4,891,743,16.610549943883278
Napoli Secondigliano,134.52054794520546,1109,14,1095,1473,2025-04-08,951,1110,2025-02-28,65,57,2025-02-28,835.0,14.0,254.0,235.0,8.0,831.0,715.0,835.0,2025-04-08,821.0,1.7941534713763703,0.7535641547861507,5.799212598425197,6.268085106382979,1.77,2.06013986013986,0.5668703326544468,0,0,0,0,0,0,0,0,0,0,1,0,0,0,0,0,3,0,0,0,0,0,0,4,1008,1175,-16.567460317460316
Noto,81.81818181818183,176,0,176,144,2025-04-08,89,73,2025-02-28,21,19,2025-02-28,98.0,0.0,98.0,0.0,0.0,98.0,98.0,98.0,2025-04-08,98.0,1.469387755102041,0.5069444444444444,1.469387755102041,inf,1.47,1.469387755102041,0.6805555555555556,0,0,0,0,0,0,0,0,0,0,0,1,0,0,0,0,0,0,0,0,0,0,0,1,108,94,12.962962962962962
Novara,106.41025641025641,156,0,156,166,2025-04-08,166,147,2025-02-28,10,17,2025-02-28,102.0,0.0,10.0,0.0,0.0,100.0,102.0,102.0,2025-04-08,102.0,1.6274509803921569,0.8855421686746988,16.6,inf,1.66,1.6274509803921569,0.6144578313253012,0,0,0,1,0,0,0,0,0,0,1,0,0,0,0,0,0,0,1,1,0,0,1,5,183,157,14.207650273224044
Nuoro,76.92307692307693,378,105,273,210,2025-04-08,191,160,2025-02-28,19,23,2025-02-28,154.0,59.0,101.0,55.0,3.0,154.0,101.0,96.0,2025-04-08,95.0,2.210526315789474,0.7619047619047619,2.0792079207920793,3.8181818181818183,1.36,2.0792079207920793,0.45714285714285713,0,0,0,0,0,0,1,0,0,0,0,0,0,0,0,0,0,0,0,0,0,0,0,1,214,179,16.355140186915886
Opera,148.88392857142858,918,22,896,1334,2025-04-08,628,535,2025-02-28,44,54,2025-02-28,818.0,22.0,230.0,625.0,4.0,818.0,226.0,236.0,2025-04-08,796.0,1.6758793969849246,0.40104947526236884,5.8,2.1344,1.63,5.902654867256637,0.17691154422788605,1,1,1,0,0,1,2,0,0,0,1,2,1,3,0,0,0,0,0,0,1,3,0,17,682,579,15.102639296187684
Oristano,87.02290076335878,264,2,262,228,2025-04-08,188,150,2025-02-28,15,23,2025-02-28,138.0,1.0,138.0,9.0,6.0,138.0,138.0,132.0,2025-04-08,137.0,1.6642335766423357,0.6578947368421053,1.6521739130434783,25.333333333333332,1.65,1.6521739130434783,0.5789473684210527,0,1,0,1,0,0,0,0,0,0,0,0,0,0,0,0,0,0,0,1,0,0,0,3,211,165,21.80094786729858
Orvieto,127.55102040816327,98,0,98,125,2025-04-08,57,55,2025-02-28,19,21,2025-02-28,35.0,0.0,33.0,0.0,0.0,35.0,10.0,35.0,2025-04-08,35.0,3.5714285714285716,0.44,3.787878787878788,inf,3.57,12.5,0.28,0,0,0,2,0,0,0,0,0,0,0,0,0,0,0,0,0,0,0,0,0,0,0,2,78,74,5.128205128205128
Padova,129.7872340425532,188,0,188,244,2025-04-08,142,133,2025-02-28,15,19,2025-02-28,68.0,0.0,68.0,68.0,3.0,68.0,68.0,68.0,2025-04-08,68.0,3.588235294117647,0.5450819672131147,3.588235294117647,3.588235294117647,3.59,3.588235294117647,0.2786885245901639,0,0,0,0,0,0,0,0,0,0,0,0,0,0,0,0,0,0,0,0,0,0,1,1,161,148,8.074534161490684
Padova Nuovo Complesso,153.33333333333334,438,63,375,575,2025-04-08,336,314,2025-02-28,29,30,2025-02-28,386.0,57.0,48.0,0.0,2.0,386.0,0.0,0.0,2025-04-08,329.0,1.7477203647416413,0.5460869565217391,11.979166666666666,inf,1.49,inf,0.0,0,1,1,2,0,1,0,0,3,1,2,0,3,0,1,0,0,1,1,0,1,0,0,18,366,343,6.284153005464481
Palermo Pagliarelli,124.1537053979872,1165,72,1093,1357,2025-04-08,581,643,2025-02-28,50,53,2025-02-28,735.0,28.0,298.0,722.0,0.0,729.0,721.0,66.0,2025-04-08,707.0,1.9193776520509194,0.47383935151068535,4.553691275167785,1.8795013850415512,1.86,1.882108183079057,0.04863669859985262,0,0,0,0,0,0,0,0,0,0,0,0,1,0,0,0,0,0,0,0,0,0,0,1,634,693,-9.305993690851736
Palermo Ucciardone,109.7966728280961,569,28,541,594,2025-04-08,341,292,2025-02-28,34,40,2025-02-28,265.0,28.0,184.0,4.0,7.0,265.0,225.0,263.0,2025-04-08,237.0,2.5063291139240507,0.49158249158249157,3.2282608695652173,148.5,2.24,2.64,0.44276094276094274,0,0,0,0,0,0,0,0,0,0,0,0,0,0,0,0,0,1,0,0,0,0,0,1,381,326,14.435695538057743
Paliano,41.44736842105263,153,1,152,63,2025-04-08,66,64,2025-02-28,13,14,2025-02-28,57.0,1.0,46.0,11.0,0.0,57.0,55.0,56.0,2025-04-08,56.0,1.125,1.0158730158730158,1.3695652173913044,5.7272727272727275,1.11,1.1454545454545455,0.8888888888888888,0,0,0,0,0,0,0,1,0,1,1,0,0,0,0,1,1,0,0,2,1,0,0,8,80,77,3.75
Palmi,117.02127659574468,141,0,141,165,2025-04-08,131,112,2025-02-28,14,18,2025-02-28,54.0,0.0,37.0,0.0,0.0,54.0,53.0,54.0,2025-04-08,54.0,3.0555555555555554,0.6787878787878788,4.45945945945946,inf,3.06,3.1132075471698113,0.32727272727272727,0,0,0,0,0,0,0,1,1,0,0,0,0,0,0,0,0,0,0,0,0,0,0,2,149,126,15.436241610738255
Paola,114.28571428571428,181,27,154,176,2025-04-08,112,104,2025-02-28,15,19,2025-02-28,161.0,12.0,156.0,3.0,0.0,161.0,159.0,161.0,2025-04-08,149.0,1.1812080536912752,0.5909090909090909,1.1282051282051282,58.666666666666664,1.09,1.1069182389937107,0.9147727272727273,0,0,0,0,0,0,0,0,0,0,0,0,0,0,2,0,1,0,0,0,0,0,1,6,131,119,9.16030534351145
Parma,122.34726688102894,655,33,622,761,2025-04-08,423,353,2025-02-28,2,0,2025-02-28,515.0,33.0,443.0,145.0,16.0,515.0,515.0,515.0,2025-04-08,482.0,1.5788381742738589,0.46386333771353483,1.7178329571106095,5.248275862068965,1.48,1.4776699029126215,0.6767411300919842,0,0,0,1,0,0,0,2,0,1,1,0,1,1,0,2,0,0,0,0,0,2,3,14,423,355,16.07565011820331
Voghera,120.29411764705881,341,1,340,409,2025-04-08,231,206,2025-02-28,12,21,2025-02-28,190.0,1.0,84.0,179.0,4.0,190.0,73.0,186.0,2025-04-08,189.0,2.164021164021164,0.5036674816625917,4.869047619047619,2.2849162011173183,2.15,5.602739726027397,0.4547677261613692,1,0,0,0,0,0,0,1,0,0,0,0,0,0,0,1,0,0,1,0,0,0,0,4,252,218,13.492063492063492
Perugia,143.8709677419355,363,53,310,446,2025-04-08,234,201,2025-02-28,24,27,2025-02-28,310.0,53.0,307.0,40.0,3.0,310.0,310.0,310.0,2025-04-08,257.0,1.735408560311284,0.45067264573991034,1.4527687296416938,11.15,1.44,1.4387096774193548,0.695067264573991,0,0,1,0,1,0,0,0,0,2,0,1,0,0,1,0,0,2,0,0,1,0,0,9,261,225,13.793103448275861
Pesaro,159.44055944055944,156,13,143,228,2025-04-08,154,143,2025-02-28,14,18,2025-02-28,125.0,6.0,4.0,12.0,0.0,125.0,6.0,5.0,2025-04-08,119.0,1.915966386554622,0.6271929824561403,57.0,19.0,1.82,38.0,0.021929824561403508,1,2,0,0,0,1,0,0,0,0,0,1,0,1,0,0,1,0,0,0,0,0,0,7,172,157,8.720930232558139
Pescara,158.43621399176953,276,33,243,385,2025-04-08,166,122,2025-02-28,27,22,2025-02-28,110.0,16.0,105.0,15.0,2.0,110.0,110.0,109.0,2025-04-08,94.0,4.095744680851064,0.3168831168831169,3.6666666666666665,25.666666666666668,3.5,3.5,0.2831168831168831,0,0,0,0,0,0,0,0,0,1,0,1,0,0,0,0,1,1,0,0,0,3,0,8,188,149,20.74468085106383
Piacenza,132.1256038647343,415,1,414,547,2025-04-08,215,206,2025-02-28,19,26,2025-02-28,274.0,1.0,77.0,9.0,5.0,274.0,274.0,253.0,2025-04-08,273.0,2.0036630036630036,0.376599634369287,7.103896103896104,60.77777777777778,2.0,1.9963503649635037,0.4625228519195612,0,1,0,2,1,0,0,1,0,0,1,0,0,2,0,0,0,0,0,0,2,1,1,12,241,225,6.639004149377594
Piazza Armerina,160.41666666666669,49,1,48,77,2025-04-08,45,37,2025-02-28,11,12,2025-02-28,42.0,1.0,31.0,0.0,0.0,42.0,5.0,42.0,2025-04-08,41.0,1.8780487804878048,0.4805194805194805,2.4838709677419355,inf,1.83,15.4,0.5454545454545454,0,0,0,0,0,0,0,1,0,0,0,0,0,0,0,0,1,0,0,0,1,0,0,3,57,48,15.789473684210526
Volterra,94.14893617021278,189,1,188,177,2025-04-08,82,68,2025-02-28,16,19,2025-02-28,176.0,1.0,0.0,1.0,0.0,157.0,0.0,0.0,2025-04-08,175.0,1.0114285714285713,0.384180790960452,inf,177.0,1.13,inf,0.0,0,0,0,0,1,0,0,0,0,0,0,0,0,0,0,0,0,0,0,0,0,0,0,1,101,84,16.831683168316832
Pistoia,85.33333333333334,76,1,75,64,2025-04-08,65,55,2025-02-28,11,14,2025-02-28,48.0,1.0,0.0,0.0,0.0,37.0,47.0,18.0,2025-04-08,47.0,1.3617021276595744,0.859375,inf,inf,1.73,1.3617021276595744,0.28125,0,0,0,0,0,0,0,0,1,0,0,0,0,0,0,0,0,0,0,0,0,0,0,1,79,66,16.455696202531644
Pordenone,151.35135135135135,37,0,37,56,2025-04-08,53,45,2025-02-28,10,13,2025-02-28,14.0,0.0,4.0,0.0,0.0,14.0,0.0,0.0,2025-04-08,14.0,4.0,0.8035714285714286,14.0,inf,4.0,inf,0.0,0,0,0,0,0,0,0,0,0,0,0,0,0,0,0,1,0,0,0,0,0,0,0,1,66,55,16.666666666666664
Porto Azzurro,99.06542056074767,334,13,321,318,2025-04-08,205,161,2025-02-28,20,26,2025-02-28,306.0,10.0,118.0,13.0,0.0,285.0,306.0,306.0,2025-04-08,296.0,1.0743243243243243,0.5062893081761006,2.694915254237288,24.46153846153846,1.12,1.0392156862745099,0.9622641509433962,0,0,0,0,0,0,0,0,0,0,0,0,0,0,1,0,0,0,0,0,0,0,0,1,231,181,21.645021645021643
Potenza,157.37704918032787,105,44,61,96,2025-04-08,111,114,2025-02-28,16,17,2025-02-28,76.0,17.0,75.0,9.0,0.0,76.0,76.0,76.0,2025-04-08,59.0,1.6271186440677967,1.1875,1.28,10.666666666666666,1.26,1.263157894736842,0.7916666666666666,0,0,0,0,0,0,0,0,0,0,0,0,0,0,0,0,0,0,0,0,0,0,1,1,128,130,-1.5625
Pozzuoli,0.0,98,98,0,0,2025-04-08,119,1,2025-02-28,6,21,2025-02-28,29.0,29.0,29.0,29.0,0.0,29.0,9.0,29.0,2025-04-08,0.0,0.0,0.0,0.0,0.0,0.0,0.0,inf,0,0,0,0,0,0,0,0,0,0,1,0,0,0,0,0,3,0,0,0,0,0,0,4,140,7,95.0
Prato,109.16808149405772,589,0,589,643,2025-04-08,270,256,2025-02-28,28,35,2025-02-28,299.0,0.0,25.0,249.0,0.0,299.0,0.0,23.0,2025-04-08,299.0,2.150501672240803,0.39813374805598756,25.72,2.5823293172690764,2.15,inf,0.03576982892690513,0,0,0,1,0,2,2,1,0,1,1,1,0,0,0,0,0,0,1,1,0,0,4,16,305,284,6.885245901639345
Ragusa,108.19672131147541,196,13,183,198,2025-04-08,84,87,2025-02-28,19,18,2025-02-28,66.0,9.0,54.0,3.0,2.0,56.0,66.0,66.0,2025-04-08,57.0,3.473684210526316,0.4393939393939394,3.6666666666666665,66.0,3.54,3.0,0.3333333333333333,0,1,0,1,0,0,0,0,0,0,0,0,0,0,0,0,0,0,0,0,0,1,0,3,102,106,-3.9215686274509802
Ravenna,144.89795918367346,49,0,49,71,2025-04-08,74,69,2025-02-28,15,14,2025-02-28,49.0,0.0,0.0,0.0,0.0,49.0,49.0,49.0,2025-04-08,49.0,1.4489795918367347,0.971830985915493,inf,inf,1.45,1.4489795918367347,0.6901408450704225,0,0,0,0,0,0,0,0,1,0,0,0,0,0,0,1,1,1,0,0,1,1,0,6,88,84,4.545454545454546
Reggio Calabria Arghillà,129.8932384341637,294,13,281,365,2025-04-08,164,145,2025-02-28,11,32,2025-02-28,85.0,9.0,85.0,0.0,3.0,85.0,85.0,85.0,2025-04-08,76.0,4.802631578947368,0.3972602739726027,4.294117647058823,inf,4.29,4.294117647058823,0.2328767123287671,0,0,0,0,0,2,0,2,1,0,0,0,0,1,0,0,0,1,0,0,1,0,0,8,196,156,20.408163265306122
Reggio Calabria Giuseppe Panzera,126.875,180,20,160,203,2025-04-08,145,151,2025-02-28,26,0,2025-02-28,85.0,7.0,81.0,14.0,1.0,85.0,85.0,80.0,2025-04-08,78.0,2.6025641025641026,0.7438423645320197,2.506172839506173,14.5,2.39,2.388235294117647,0.39408866995073893,0,0,0,0,0,2,0,2,1,0,0,0,0,1,0,0,0,1,0,0,1,0,0,8,145,177,-22.06896551724138
Rimini,128.81355932203388,118,0,118,152,2025-04-08,127,116,2025-02-28,14,17,2025-02-28,53.0,0.0,33.0,36.0,0.0,53.0,41.0,53.0,2025-04-08,53.0,2.8679245283018866,0.7631578947368421,4.606060606060606,4.222222222222222,2.87,3.707317073170732,0.34868421052631576,0,0,0,0,0,0,0,1,0,0,0,0,0,0,0,0,0,0,0,0,1,0,0,2,144,130,9.722222222222223
Roma Rebibbia femminile,142.04545454545453,272,8,264,375,2025-04-08,214,197,2025-02-28,19,26,2025-02-28,171.0,8.0,94.0,87.0,8.0,132.0,171.0,169.0,2025-04-08,163.0,2.3006134969325154,0.5253333333333333,3.9893617021276597,4.310344827586207,2.84,2.192982456140351,0.45066666666666666,0,0,0,0,0,0,0,0,0,0,1,0,0,0,0,0,1,0,0,0,0,0,1,3,240,216,10.0
Roma Rebibbia IIIª casa,60.60606060606061,172,40,132,80,2025-04-08,46,34,2025-02-28,17,15,2025-02-28,43.0,10.0,43.0,0.0,0.0,43.0,43.0,43.0,2025-04-08,33.0,2.4242424242424243,0.425,1.8604651162790697,inf,1.86,1.8604651162790697,0.5375,0,0,0,0,0,0,0,0,0,0,1,0,0,0,0,0,1,0,0,0,0,0,1,3,61,51,16.39344262295082
Roma Rebibbia Nuovo Complesso,147.01986754966887,1170,113,1057,1554,2025-04-08,782,663,2025-02-28,66,58,2025-02-28,624.0,65.0,108.0,1.0,10.0,375.0,621.0,571.0,2025-04-08,559.0,2.7799642218246867,0.4266409266409266,14.38888888888889,1554.0,4.14,2.502415458937198,0.36743886743886744,0,0,0,0,0,0,0,0,0,0,1,0,0,0,0,0,1,0,0,0,0,0,1,3,840,729,13.214285714285715
Roma Rebibbia,93.24324324324324,445,149,296,276,2025-04-08,189,137,2025-02-28,23,29,2025-02-28,381.0,110.0,61.0,58.0,0.0,60.0,381.0,381.0,2025-04-08,271.0,1.018450184501845,0.4963768115942029,4.524590163934426,4.758620689655173,4.6,0.7244094488188977,1.3804347826086956,0,0,0,0,0,0,0,0,0,0,1,0,0,0,0,0,1,0,0,0,0,0,1,3,218,160,26.605504587155966
Roma Regina Coeli,192.30769230769232,628,56,572,1100,2025-04-08,480,362,2025-02-28,34,48,2025-02-28,323.0,30.0,150.0,1.0,0.0,323.0,320.0,323.0,2025-04-08,293.0,3.7542662116040955,0.3290909090909091,7.333333333333333,1100.0,3.41,3.4375,0.29363636363636364,0,0,0,0,0,0,0,0,0,0,1,0,0,0,0,0,1,0,0,0,0,0,1,3,528,396,25.0
Rossano,121.92307692307693,263,3,260,317,2025-04-08,139,114,2025-02-28,18,23,2025-02-28,142.0,3.0,136.0,46.0,0.0,142.0,142.0,142.0,2025-04-08,139.0,2.2805755395683454,0.35962145110410093,2.3308823529411766,6.891304347826087,2.23,2.232394366197183,0.4479495268138801,0,0,0,0,1,0,0,0,0,1,0,1,0,0,0,0,0,1,0,0,0,0,0,4,162,132,18.51851851851852
Rovigo,121.53110047846889,209,0,209,254,2025-04-08,175,144,2025-02-28,14,19,2025-02-28,111.0,0.0,109.0,109.0,6.0,111.0,111.0,109.0,2025-04-08,111.0,2.2882882882882885,0.5669291338582677,2.330275229357798,2.330275229357798,2.29,2.2882882882882885,0.42913385826771655,0,0,0,0,1,0,0,0,0,0,0,0,0,0,0,0,0,0,0,0,0,0,0,1,194,158,18.556701030927837
Salerno,156.64893617021275,376,0,376,589,2025-04-08,209,236,2025-02-28,30,31,2025-02-28,130.0,0.0,70.0,87.0,5.0,130.0,104.0,82.0,2025-04-08,130.0,4.530769230769231,0.400679117147708,8.414285714285715,6.7701149425287355,4.53,5.663461538461538,0.13921901528013583,1,0,0,0,1,0,1,2,1,0,0,0,0,0,0,0,2,0,1,1,0,0,1,11,240,266,-10.833333333333334
Saluzzo,84.90566037735849,424,0,424,360,2025-04-08,206,183,2025-02-28,15,24,2025-02-28,275.0,0.0,66.0,204.0,4.0,275.0,270.0,98.0,2025-04-08,275.0,1.309090909090909,0.5083333333333333,5.454545454545454,1.7647058823529411,1.31,1.3333333333333333,0.2722222222222222,0,0,0,0,0,0,0,0,0,0,0,0,0,0,0,2,0,0,0,0,1,0,0,3,230,198,13.91304347826087
San Cataldo,88.54961832061069,135,4,131,116,2025-04-08,59,52,2025-02-28,17,14,2025-02-28,21.0,1.0,21.0,0.0,1.0,1.0,9.0,21.0,2025-04-08,20.0,5.8,0.4482758620689655,5.523809523809524,inf,116.0,12.88888888888889,0.1810344827586207,0,0,0,0,0,0,0,0,0,0,0,0,0,0,0,0,0,0,0,0,0,1,1,2,73,69,5.47945205479452
San Gimignano,145.73991031390133,243,20,223,325,2025-04-08,205,189,2025-02-28,12,21,2025-02-28,231.0,20.0,0.0,4.0,0.0,231.0,231.0,204.0,2025-04-08,211.0,1.5402843601895735,0.5815384615384616,inf,81.25,1.41,1.406926406926407,0.6276923076923077,0,0,0,0,0,0,1,0,0,0,0,0,0,0,0,0,0,0,0,0,0,1,0,2,226,201,11.061946902654867
Sanremo,114.34977578475336,223,0,223,255,2025-04-08,185,160,2025-02-28,11,19,2025-02-28,109.0,0.0,68.0,99.0,0.0,109.0,109.0,10.0,2025-04-08,109.0,2.3394495412844036,0.6274509803921569,3.75,2.5757575757575757,2.34,2.3394495412844036,0.0392156862745098,1,0,0,0,0,0,0,0,0,0,0,0,0,1,0,0,0,0,0,1,0,0,0,3,204,171,16.176470588235293
San Severo,140.98360655737704,61,0,61,86,2025-04-08,60,51,2025-02-28,8,10,2025-02-28,38.0,0.0,0.0,0.0,0.0,38.0,38.0,0.0,2025-04-08,38.0,2.263157894736842,0.5930232558139535,inf,inf,2.26,2.263157894736842,0.0,0,0,0,0,0,0,0,1,0,0,0,0,0,0,0,0,0,0,0,0,0,0,0,1,70,59,15.714285714285714
Santa Maria Capua Vetere,140.77134986225894,826,100,726,1022,2025-04-08,460,459,2025-02-28,46,43,2025-02-28,404.0,40.0,339.0,295.0,8.0,404.0,404.0,244.0,2025-04-08,364.0,2.8076923076923075,0.449119373776908,3.0147492625368733,3.464406779661017,2.53,2.5297029702970297,0.23874755381604695,0,0,1,0,0,0,1,1,0,0,0,0,1,0,0,0,0,0,0,0,0,0,0,4,503,505,-0.3976143141153081
Sant'Angelo dei Lombardi,142.74193548387098,124,0,124,177,2025-04-08,86,92,2025-02-28,14,18,2025-02-28,86.0,0.0,85.0,0.0,0.0,86.0,86.0,86.0,2025-04-08,86.0,2.058139534883721,0.519774011299435,2.0823529411764707,inf,2.06,2.058139534883721,0.4858757062146893,0,0,0,0,0,0,0,0,0,0,0,1,0,0,0,0,0,0,0,0,0,0,0,1,104,106,-1.9230769230769231
Sassari,115.01103752759383,454,1,453,521,2025-04-08,342,287,2025-02-28,25,33,2025-02-28,292.0,1.0,292.0,9.0,22.0,292.0,292.0,201.0,2025-04-08,291.0,1.7903780068728523,0.5508637236084453,1.7842465753424657,57.888888888888886,1.78,1.7842465753424657,0.3857965451055662,4,1,2,0,0,0,0,0,1,0,0,0,1,0,0,1,0,0,1,0,0,1,2,14,375,312,16.8
Sciacca,100.0,73,53,20,20,2025-04-08,44,38,2025-02-28,12,13,2025-02-28,25.0,16.0,24.0,0.0,0.0,22.0,10.0,23.0,2025-04-08,9.0,2.2222222222222223,1.9,0.8333333333333334,inf,0.91,2.0,1.15,0,0,0,0,0,0,0,0,0,0,0,0,0,1,0,0,0,0,0,0,0,0,0,1,57,50,12.280701754385964
Siena,110.34482758620689,58,0,58,64,2025-04-08,41,46,2025-02-28,9,13,2025-02-28,39.0,0.0,1.0,4.0,0.0,39.0,39.0,1.0,2025-04-08,39.0,1.641025641025641,0.71875,64.0,16.0,1.64,1.641025641025641,0.015625,0,0,0,0,0,0,0,0,0,0,0,0,0,0,0,0,0,0,1,0,0,0,0,1,54,55,-1.8518518518518516
Siracusa,126.97247706422019,545,0,545,692,2025-04-08,234,245,2025-02-28,24,29,2025-02-28,245.0,0.0,219.0,19.0,2.0,245.0,245.0,245.0,2025-04-08,245.0,2.8244897959183675,0.3540462427745665,3.1598173515981736,36.421052631578945,2.82,2.8244897959183675,0.3540462427745665,1,1,2,1,0,0,1,0,4,0,1,0,0,0,1,1,0,1,1,0,1,1,1,18,263,269,-2.2813688212927756
Sondrio,137.5,26,2,24,33,2025-04-08,27,32,2025-02-28,3,11,2025-02-28,20.0,2.0,3.0,0.0,0.0,18.0,3.0,20.0,2025-04-08,18.0,1.8333333333333333,0.9696969696969697,11.0,inf,1.83,11.0,0.6060606060606061,1,0,0,0,0,0,0,1,0,0,0,0,0,0,0,0,0,0,0,0,1,0,0,3,38,35,7.894736842105263
Spoleto,105.48245614035088,456,0,456,481,2025-04-08,273,242,2025-02-28,30,32,2025-02-28,403.0,0.0,141.0,1.0,2.0,403.0,403.0,320.0,2025-04-08,403.0,1.1935483870967742,0.5031185031185031,3.4113475177304964,481.0,1.19,1.1935483870967742,0.6652806652806653,1,0,0,2,0,0,0,1,1,1,0,2,0,0,0,1,0,1,0,0,0,0,0,10,305,272,10.819672131147541
Sulmona,88.64970645792563,519,8,511,453,2025-04-08,255,259,2025-02-28,24,31,2025-02-28,367.0,2.0,83.0,354.0,4.0,367.0,367.0,77.0,2025-04-08,365.0,1.2410958904109588,0.5717439293598234,5.457831325301205,1.2796610169491525,1.23,1.2343324250681198,0.16997792494481237,0,1,2,3,0,0,0,0,3,1,0,0,0,0,0,1,0,0,0,0,0,0,0,11,286,283,1.048951048951049
Taranto,194.824016563147,500,17,483,941,2025-04-08,297,327,2025-02-28,26,31,2025-02-28,349.0,17.0,135.0,96.0,5.0,349.0,280.0,76.0,2025-04-08,332.0,2.8343373493975905,0.3475026567481403,6.970370370370371,9.802083333333334,2.7,3.3607142857142858,0.08076514346439957,0,0,0,0,0,0,0,0,0,1,2,1,1,0,0,1,2,2,0,0,1,3,0,14,328,353,-7.621951219512195
Tempio Pausania,96.47058823529412,170,0,170,164,2025-04-08,146,100,2025-02-28,14,19,2025-02-28,90.0,0.0,90.0,18.0,4.0,90.0,90.0,90.0,2025-04-08,90.0,1.8222222222222222,0.6097560975609756,1.8222222222222222,9.11111111111111,1.82,1.8222222222222222,0.5487804878048781,0,0,0,0,0,0,0,0,0,0,0,0,0,0,0,0,0,0,0,0,0,0,1,1,165,114,30.909090909090907
Teramo,171.93675889328063,255,2,253,435,2025-04-08,206,173,2025-02-28,18,21,2025-02-28,239.0,2.0,11.0,26.0,1.0,239.0,5.0,4.0,2025-04-08,237.0,1.8354430379746836,0.39770114942528734,39.54545454545455,16.73076923076923,1.82,87.0,0.009195402298850575,0,0,0,2,1,0,1,2,1,1,4,0,1,1,0,0,0,0,0,0,0,0,3,17,227,191,15.859030837004406
Termini Imerese,104.21052631578947,95,0,95,99,2025-04-08,80,92,2025-02-28,9,13,2025-02-28,51.0,0.0,42.0,1.0,1.0,42.0,35.0,51.0,2025-04-08,51.0,1.9411764705882353,0.9292929292929293,2.357142857142857,99.0,2.36,2.8285714285714287,0.5151515151515151,0,0,0,0,0,0,0,0,0,0,0,0,0,0,0,0,0,1,0,0,1,0,0,2,93,101,-8.60215053763441
Terni,139.5734597156398,422,0,422,589,2025-04-08,243,215,2025-02-28,28,26,2025-02-28,281.0,0.0,70.0,201.0,4.0,281.0,281.0,71.0,2025-04-08,281.0,2.096085409252669,0.36502546689303905,8.414285714285715,2.9303482587064678,2.1,2.096085409252669,0.12054329371816638,0,0,0,1,0,0,0,0,0,0,0,2,0,1,0,1,0,0,0,0,2,4,2,13,269,243,9.66542750929368
Tolmezzo,123.12925170068027,149,2,147,181,2025-04-08,175,161,2025-02-28,9,19,2025-02-28,149.0,2.0,2.0,149.0,0.0,149.0,0.0,0.0,2025-04-08,147.0,1.2312925170068028,0.8895027624309392,90.5,1.2147651006711409,1.21,inf,0.0,1,0,0,0,0,0,0,2,0,0,0,0,0,0,0,0,0,0,0,0,0,0,0,3,194,170,12.371134020618557
Torino,127.07383773928898,1117,20,1097,1394,2025-04-08,762,704,2025-02-28,51,55,2025-02-28,936.0,20.0,14.0,90.0,7.0,936.0,936.0,902.0,2025-04-08,916.0,1.5218340611353711,0.5050215208034433,99.57142857142857,15.488888888888889,1.49,1.4893162393162394,0.6470588235294118,2,0,0,2,0,2,2,0,1,3,2,1,0,0,0,1,1,2,1,1,4,4,2,31,817,755,7.588739290085679
Trani,133.33333333333331,447,150,297,396,2025-04-08,237,210,2025-02-28,28,26,2025-02-28,202.0,89.0,114.0,94.0,7.0,146.0,114.0,202.0,2025-04-08,113.0,3.504424778761062,0.5303030303030303,3.473684210526316,4.212765957446808,2.71,3.473684210526316,0.51010101010101,0,0,0,1,0,1,1,0,0,0,0,0,1,0,0,0,0,0,0,0,0,1,0,5,263,238,9.505703422053232
Trani femminile,109.375,32,0,32,35,2025-04-08,0,0,2025-02-28,0,0,2025-02-28,19.0,0.0,0.0,19.0,0.0,19.0,19.0,0.0,2025-04-08,19.0,1.8421052631578947,0.0,inf,1.8421052631578947,1.84,1.8421052631578947,0.0,0,0,0,1,0,1,1,0,0,0,0,0,1,0,0,0,0,0,0,0,0,1,0,5,0,0,0.0
Trapani,118.51106639839035,555,58,497,589,2025-04-08,266,275,2025-02-28,25,27,2025-02-28,233.0,32.0,159.0,71.0,10.0,205.0,165.0,187.0,2025-04-08,201.0,2.9303482587064678,0.466893039049236,3.7044025157232703,8.295774647887324,2.87,3.56969696969697,0.3174872665534805,0,0,0,0,0,0,1,0,0,0,0,0,0,0,0,0,0,0,0,0,0,0,0,1,293,300,-2.3890784982935154
Trento,84.59715639810426,422,0,422,357,2025-04-07,199,176,2025-02-28,22,27,2025-02-28,170.0,0.0,170.0,170.0,13.0,170.0,170.0,163.0,2025-04-07,170.0,2.1,0.49299719887955185,2.1,2.1,2.1,2.1,0.4565826330532213,1,0,0,0,0,0,0,0,0,0,0,0,2,0,1,1,2,0,0,0,0,1,0,8,226,198,12.389380530973451
Treviso,183.33333333333331,132,0,132,242,2025-04-08,149,142,2025-02-28,13,17,2025-02-28,62.0,0.0,9.0,5.0,0.0,61.0,8.0,6.0,2025-04-08,62.0,3.903225806451613,0.5867768595041323,26.88888888888889,48.4,3.97,30.25,0.024793388429752067,0,0,0,0,0,0,0,0,0,0,0,0,0,0,0,0,2,0,1,0,0,1,0,4,166,155,6.626506024096386
Trieste,182.44274809160305,150,19,131,239,2025-04-08,149,128,2025-02-28,18,20,2025-02-28,64.0,17.0,5.0,39.0,0.0,48.0,7.0,64.0,2025-04-08,47.0,5.085106382978723,0.5355648535564853,47.8,6.128205128205129,4.98,34.142857142857146,0.26778242677824265,0,0,0,0,0,0,0,0,0,1,1,1,0,0,0,0,2,0,0,0,0,0,0,6,169,146,13.609467455621301
Udine,188.42105263157896,95,0,95,179,2025-04-08,112,92,2025-02-28,14,17,2025-02-28,62.0,0.0,60.0,60.0,1.0,62.0,62.0,60.0,2025-04-08,62.0,2.8870967741935485,0.5139664804469274,2.9833333333333334,2.9833333333333334,2.89,2.8870967741935485,0.33519553072625696,0,0,0,0,0,0,0,0,1,0,1,0,0,0,0,0,2,0,0,0,1,1,0,6,129,106,17.829457364341085
Bari,167.30769230769232,294,34,260,435,2025-04-08,258,255,2025-02-28,23,26,2025-02-28,165.0,22.0,142.0,76.0,17.0,143.0,163.0,164.0,2025-04-08,143.0,3.041958041958042,0.5862068965517241,3.063380281690141,5.723684210526316,3.04,2.668711656441718,0.37701149425287356,0,0,0,0,0,0,0,0,0,2,0,0,1,1,1,0,0,0,0,2,1,0,1,9,284,278,2.112676056338028
Turi,155.55555555555557,108,0,108,168,2025-04-08,90,82,2025-02-28,16,14,2025-02-28,42.0,0.0,3.0,1.0,1.0,42.0,42.0,42.0,2025-04-08,42.0,4.0,0.4880952380952381,56.0,168.0,4.0,4.0,0.25,0,0,0,1,0,0,0,0,0,0,0,2,0,1,0,1,0,0,0,0,2,4,2,13,104,98,5.769230769230769
Vallo della Lucania,135.0,40,0,40,54,2025-04-08,21,33,2025-02-28,6,13,2025-02-28,10.0,0.0,9.0,9.0,0.0,10.0,10.0,10.0,2025-04-08,10.0,5.4,0.6111111111111112,6.0,6.0,5.4,5.4,0.18518518518518517,0,0,2,0,1,0,0,0,1,0,1,0,1,0,0,0,0,0,0,0,1,0,1,8,34,39,-14.705882352941178
Varese,198.11320754716982,53,0,53,105,2025-04-08,59,65,2025-02-28,6,13,2025-02-28,47.0,0.0,15.0,0.0,0.0,47.0,47.0,1.0,2025-04-08,47.0,2.234042553191489,0.6190476190476191,7.0,inf,2.23,2.234042553191489,0.009523809523809525,0,0,0,1,0,0,0,0,0,0,0,0,0,0,0,0,0,0,0,0,0,0,1,2,72,71,1.3888888888888888
Vasto,66.66666666666666,197,50,147,98,2025-04-08,95,68,2025-02-28,15,19,2025-02-28,98.0,28.0,15.0,85.0,1.0,98.0,98.0,93.0,2025-04-08,70.0,1.4,0.6938775510204082,6.533333333333333,1.1529411764705881,1.0,1.0,0.9489795918367347,0,0,0,0,0,0,0,0,0,0,0,0,0,0,0,0,0,0,1,3,0,0,0,4,114,83,27.192982456140353
Velletri,154.0059347181009,412,75,337,519,2025-04-08,275,219,2025-02-28,28,32,2025-02-28,276.0,43.0,76.0,265.0,5.0,276.0,206.0,69.0,2025-04-08,233.0,2.227467811158798,0.42196531791907516,6.828947368421052,1.9584905660377359,1.88,2.5194174757281553,0.1329479768786127,0,0,0,0,0,0,0,1,0,1,0,2,0,0,1,2,1,0,0,0,0,0,0,8,307,247,19.54397394136808
Venezia Giudecca,90.17857142857143,112,0,112,101,2025-04-08,135,102,2025-02-28,13,20,2025-02-28,28.0,0.0,16.0,28.0,0.0,28.0,9.0,14.0,2025-04-08,28.0,3.607142857142857,1.00990099009901,6.3125,3.607142857142857,3.61,11.222222222222221,0.13861386138613863,0,0,0,0,0,0,0,0,1,1,0,0,0,0,0,0,0,0,0,0,0,3,3,8,155,115,25.806451612903224
Venezia Santa Maria Maggiore,170.44025157232704,159,0,159,271,2025-04-08,149,154,2025-02-28,16,18,2025-02-28,86.0,0.0,86.0,86.0,0.0,86.0,86.0,86.0,2025-04-08,86.0,3.1511627906976742,0.5682656826568265,3.1511627906976742,3.1511627906976742,3.15,3.1511627906976742,0.3173431734317343,0,0,0,0,0,0,0,0,1,1,0,0,0,0,0,0,0,0,0,0,0,3,3,8,167,170,-1.7964071856287425
Verbania,139.62264150943395,53,0,53,74,2025-04-08,44,43,2025-02-28,6,13,2025-02-28,37.0,0.0,34.0,5.0,1.0,37.0,37.0,35.0,2025-04-08,37.0,2.0,0.581081081081081,2.176470588235294,14.8,2.0,2.0,0.47297297297297297,0,0,0,0,0,0,1,1,1,0,0,0,0,1,3,1,3,1,1,2,2,3,4,26,57,49,14.035087719298245
Vercelli,149.29577464788733,228,15,213,318,2025-04-08,186,156,2025-02-28,8,18,2025-02-28,193.0,14.0,31.0,19.0,0.0,193.0,193.0,193.0,2025-04-08,179.0,1.776536312849162,0.49056603773584906,10.258064516129032,16.736842105263158,1.65,1.6476683937823835,0.6069182389937107,0,0,1,0,0,0,0,2,0,0,1,0,1,0,0,0,0,0,0,0,0,0,0,5,204,164,19.607843137254903
Verona,192.1383647798742,335,17,318,611,2025-04-08,317,318,2025-02-28,20,27,2025-02-28,308.0,15.0,104.0,281.0,2.0,308.0,1.0,1.0,2025-04-08,293.0,2.0853242320819114,0.5204582651391162,5.875,2.1743772241992882,1.98,611.0,0.0016366612111292963,0,0,0,0,0,0,1,1,1,0,0,0,0,1,3,1,3,1,1,2,2,3,4,26,344,338,1.744186046511628
Vibo Valentia,96.49122807017544,406,7,399,385,2025-04-08,224,197,2025-02-28,24,26,2025-02-28,154.0,2.0,121.0,8.0,0.0,154.0,154.0,154.0,2025-04-08,152.0,2.5328947368421053,0.5116883116883116,3.1818181818181817,48.125,2.5,2.5,0.4,0,0,2,0,1,0,0,0,1,0,1,0,1,0,0,0,0,0,0,0,1,0,1,8,250,221,11.600000000000001
Vicenza,140.4494382022472,276,9,267,375,2025-04-08,194,180,2025-02-28,16,20,2025-02-28,204.0,9.0,204.0,196.0,4.0,204.0,204.0,179.0,2025-04-08,195.0,1.9230769230769231,0.48,1.838235294117647,1.913265306122449,1.84,1.838235294117647,0.47733333333333333,0,0,0,1,0,1,1,1,0,0,0,0,0,0,0,1,0,0,1,2,0,1,1,10,214,196,8.411214953271028
Vigevano,162.38938053097345,242,16,226,367,2025-04-08,221,200,2025-02-28,17,22,2025-02-28,236.0,16.0,0.0,222.0,0.0,236.0,0.0,0.0,2025-04-08,220.0,1.6681818181818182,0.5449591280653951,inf,1.6531531531531531,1.56,inf,0.0,0,0,0,0,0,1,0,0,0,0,0,0,0,0,0,0,1,2,0,0,0,0,1,6,243,217,10.699588477366255
Viterbo,172.8395061728395,440,35,405,700,2025-04-08,330,262,2025-02-28,31,34,2025-02-28,440.0,35.0,7.0,404.0,2.0,440.0,440.0,159.0,2025-04-08,405.0,1.728395061728395,0.3742857142857143,100.0,1.7326732673267327,1.59,1.5909090909090908,0.22714285714285715,0,1,0,0,1,0,3,1,0,1,1,1,0,0,0,1,2,1,0,0,0,0,1,14,364,293,19.505494505494507
Reggio Emilia,131.75965665236052,292,59,233,307,2025-04-08,206,191,2025-02-28,22,22,2025-02-28,265.0,59.0,27.0,264.0,0.0,265.0,157.0,17.0,2025-04-08,206.0,1.4902912621359223,0.6221498371335505,11.37037037037037,1.1628787878787878,1.16,1.9554140127388535,0.05537459283387622,1,0,0,0,0,0,0,1,0,1,0,0,0,0,0,0,0,0,0,0,0,0,0,3,228,213,6.578947368421052
Avezzano,118.86792452830188,53,0,53,63,2025-04-08,39,33,2025-02-28,9,12,2025-02-28,33.0,0.0,33.0,1.0,0.0,33.0,33.0,33.0,2025-04-08,33.0,1.9090909090909092,0.5238095238095238,1.9090909090909092,63.0,1.91,1.9090909090909092,0.5238095238095238,0,0,1,0,0,0,0,0,0,0,0,0,0,0,0,0,0,0,0,0,0,0,0,1,51,42,17.647058823529413
Pavia,142.44897959183675,515,25,490,698,2025-04-08,255,238,2025-02-28,19,26,2025-02-28,298.0,25.0,113.0,104.0,4.0,298.0,298.0,298.0,2025-04-08,273.0,2.5567765567765566,0.34097421203438394,6.176991150442478,6.711538461538462,2.34,2.3422818791946307,0.4269340974212034,2,0,0,0,0,0,0,1,0,1,0,0,1,0,0,0,1,0,1,3,3,0,3,16,281,257,8.540925266903916
Pisa,147.12041884816753,195,4,191,281,2025-04-08,184,185,2025-02-28,19,20,2025-02-28,153.0,4.0,28.0,114.0,2.0,85.0,123.0,149.0,2025-04-08,149.0,1.8859060402684564,0.6583629893238434,10.035714285714286,2.4649122807017543,3.31,2.2845528455284554,0.5302491103202847,0,0,1,0,0,1,0,1,0,0,0,0,1,1,0,1,1,0,0,0,0,0,1,8,204,204,0.0
